柯文哲,柯p,柯P,,,,,,,,,,,,,,,,,,,,,,,,,,,,,,,,,,,
復仇者聯盟,復仇者,,,,,,,,,,,,,,,,,,,,,,,,,,,,,,,,,,,,
IG,ig,Ig,Instagram,,,,,,,,,,,,,,,,,,,,,,,,,,,,,,,,,,
台灣獨立,臺灣獨立,,,,,,,,,,,,,,,,,,,,,,,,,,,,,,,,,,,,
台灣,臺灣,Taiwan,taiwn,,,,,,,,,,,,,,,,,,,,,,,,,,,,,,,,,,
Line,line,,,,,,,,,,,,,,,,,,,,,,,,,,,,,,,,,,,,
XD,XDD,XDDD,XDDDD,xd,xDDD,,,,,,,,,,,,,,,,,,,,,,,,,,,,,,,,
貨出去人進來,貨出去,人進來,,,,,,,,,,,,,,,,,,,,,,,,,,,,,,,,,,,
Dcard,dcard,,,,,,,,,,,,,,,,,,,,,,,,,,,,,,,,,,,,
youtube,YT,Youtube,,,,,,,,,,,,,,,,,,,,,,,,,,,,,,,,,,,
time,時間,幾點,,,,,,,,,,,,,,,,,,,,,,,,,,,,,,,,,,,
stock,股票,,,,,,,,,,,,,,,,,,,,,,,,,,,,,,,,,,,,
weather,雨量,溼度,下雨機率,天氣,溫度,風向,累積雨量,,,,,,,,,,,,,,,,,,,,,,,,,,,,,,
Greeting,Hello,hello,哈囉,嗨,hi,HI,Hi,早安,午安,晚安,你好,,,,,,,,,,,,,,,,,,,,,,,,,,
Y18z6426g47t_疑問句,為何,何時,甚麼,什麼,哪裡,為什麼,,,,,,,,,,,,,,,,,,,,,,,,,,,,,,,
426Q_XiK9eJ6_暴力,幹你,,,,,,,,,,,,,,,,,,,,,,,,,,,,,,,,,,,,
pr7Z0PCc886z_色情,肉棒,,,,,,,,,,,,,,,,,,,,,,,,,,,,,,,,,,,,
HTML_for,color,rgb,src,fill,thumbnail,alt,Responsive,image,size,family,18px,sans,serif,white,space,background,weight,ligatures,caps,400,letter,orphans,indent,width,display,align,inline,important,Helvetica,黑體,14px,pre,wrap,box,14px,sizing,inherit
IP,192.168,137.168,,,,,,,,,,,,,,,,,,,,,,,,,,,,,,,,,,,
